Date,Source,Number of People,Check-in Date,Check-out Date,Hotel name,Address,Review Score,Number of Reviews,Rating,Star Rating,Deal Info,Distance from Attraction,Room Type,Location Score,price
2025-09-21,booking.com,2,2025-10-03,2025-10-06,Modern Private Room Private Bathroom with King Bed with TV and Optional Balcony 10 minutes to Rogers Stadium Midtown Downtown Toronto,"North York, Toronto",N/A,N/A,N/A,N/A,Limited-time Deal,7.5 miles from downtown,Triple Room with Private Bathroom,N/A,$98
2025-09-21,booking.com,2,2025-10-03,2025-10-06,"The Slate Hotel Downtown, Sonder by Marriott Bonvoy","Entertainment District, Toronto (Entertainment District)",N/A,N/A,N/A,N/A,N/A,0.7 miles from downtown,Queen Room,N/A,$278
2025-09-21,booking.com,2,2025-10-03,2025-10-06,Riu Plaza Toronto,"Entertainment District, Toronto (Entertainment District)",N/A,N/A,N/A,N/A,N/A,0.6 miles from downtown,Deluxe Double or Twin Room,N/A,$261
2025-09-21,booking.com,2,2025-10-03,2025-10-06,Crowne Plaza Toronto Airport by IHG,"Etobicoke, Toronto",N/A,N/A,N/A,N/A,N/A,10.5 miles from downtown,Standard Room,N/A,$116
2025-09-21,booking.com,2,2025-10-03,2025-10-06,Chelsea Hotel Toronto,"Yonge - Dundas, Toronto (Yonge - Dundas)",N/A,N/A,N/A,N/A,N/A,0.5 miles from downtown,Standard Double Room with Two Double Beds,N/A,$203
2025-09-21,booking.com,2,2025-10-03,2025-10-06,Samesun Toronto,"Kensington Market, Toronto (Kensington Market)",N/A,N/A,N/A,N/A,N/A,1.1 miles from downtown,Queen Room with Balcony,N/A,$147
2025-09-21,booking.com,2,2025-10-03,2025-10-06,One King West Hotel and Residence,"Financial District, Toronto (Financial District)",N/A,N/A,N/A,N/A,N/A,0.3 miles from downtown,Tower Deluxe Suite,N/A,$266
2025-09-21,booking.com,2,2025-10-03,2025-10-06,Town Inn Suites Hotel,"The Village, Toronto (The Village)",N/A,N/A,N/A,N/A,N/A,1.2 miles from downtown,Deluxe King Suite,N/A,$169
2025-09-21,booking.com,2,2025-10-03,2025-10-06,Holiday Inn Toronto Downtown Centre by IHG,"The Village, Toronto (The Village)",N/A,N/A,N/A,N/A,N/A,0.7 miles from downtown,Standard Double Room with Two Double Beds,N/A,$243
2025-09-21,booking.com,2,2025-10-03,2025-10-06,DoubleTree by Hilton Toronto Downtown,"Downtown Toronto, Toronto",N/A,N/A,N/A,N/A,N/A,0.3 miles from downtown,King Room,N/A,$305
2025-09-21,booking.com,2,2025-10-03,2025-10-06,Hampton Inn by Hilton Toronto Airport Corporate Centre,Toronto,N/A,N/A,N/A,N/A,N/A,11 miles from downtown,Room with Two Queen Beds - Non-Smoking,N/A,$119
2025-09-21,booking.com,2,2025-10-03,2025-10-06,Pan Pacific Toronto,"North York, Toronto",N/A,N/A,N/A,N/A,N/A,7.3 miles from downtown,Deluxe Room King Bed,N/A,$109
2025-09-21,booking.com,2,2025-10-03,2025-10-06,Canadas Best Value Inn Toronto,"Etobicoke, Toronto",N/A,N/A,N/A,N/A,N/A,9 miles from downtown,Queen Room - Non-Smoking,N/A,$106
2025-09-21,booking.com,2,2025-10-03,2025-10-06,Executive Hotel Cosmopolitan Toronto,"Old Town Toronto, Toronto (Old Town Toronto)",N/A,N/A,N/A,N/A,N/A,0.3 miles from downtown,Junior Suite - CN Tower View,N/A,$285
2025-09-21,booking.com,2,2025-10-03,2025-10-06,Sheraton Centre Toronto Hotel,"Downtown Toronto, Toronto (Queen West)",N/A,N/A,N/A,N/A,N/A,0.1 miles from downtown,"Guest room, 1 Queen",N/A,$321
2025-09-21,booking.com,2,2025-10-03,2025-10-06,Sandman Signature Toronto Airport Hotel,"Etobicoke, Toronto",N/A,N/A,N/A,N/A,N/A,10.7 miles from downtown,"Standard Room, 2 Queen Beds",N/A,$126
2025-09-21,booking.com,2,2025-10-03,2025-10-06,Holiday Inn Toronto International Airport by IHG,"Etobicoke, Toronto (Northeast Mississauga)",N/A,N/A,N/A,N/A,N/A,11.2 miles from downtown,Standard Room,N/A,$123
2025-09-21,booking.com,2,2025-10-03,2025-10-06,Homewood Suites by Hilton Toronto Airport Corporate Centre,Toronto,N/A,N/A,N/A,N/A,N/A,11 miles from downtown,King Studio Suite - Non-Smoking,N/A,$137
2025-09-21,booking.com,2,2025-10-03,2025-10-06,Great Canadian Casino Resort Toronto,"Etobicoke, Toronto",N/A,N/A,N/A,N/A,N/A,11.9 miles from downtown,Racetrack King,N/A,$215
2025-09-21,booking.com,2,2025-10-03,2025-10-06,"Delta Suites - In Downtown Toronto, Opposite Scotiabank Arena, CN Tower, Rogers Centre & MTCC","Entertainment District, Toronto (Entertainment District)",N/A,N/A,N/A,N/A,N/A,0.6 miles from downtown,One-Bedroom Apartment,N/A,$278
2025-09-21,booking.com,2,2025-10-03,2025-10-06,Stylish One Bedroom Suite - Entertainment District Toronto,"Entertainment District, Toronto (Entertainment District)",N/A,N/A,N/A,N/A,N/A,0.7 miles from downtown,One-Bedroom Apartment,N/A,$253
2025-09-21,booking.com,2,2025-10-03,2025-10-06,Fairmont Royal York Hotel,"Financial District, Toronto (Entertainment District)",N/A,N/A,N/A,N/A,N/A,0.4 miles from downtown,Queen Room,N/A,$408
2025-09-21,booking.com,2,2025-10-03,2025-10-06,Best Western Plus Travel Hotel Toronto Airport,Toronto,N/A,N/A,N/A,N/A,N/A,10.9 miles from downtown,Queen Room,N/A,$126
2025-09-21,booking.com,2,2025-10-03,2025-10-06,Gladstone House,"West Queen West, Toronto (West Queen West)",N/A,N/A,N/A,N/A,N/A,2.3 miles from downtown,Studio Queen,N/A,$335
2025-09-21,booking.com,2,2025-10-03,2025-10-06,Embassy Suites By Hilton Toronto Airport,"Etobicoke, Toronto (Northeast Mississauga)",N/A,N/A,N/A,N/A,N/A,11 miles from downtown,Two-Room King Suite,N/A,$147
2025-09-21,booking.com,2,2025-10-03,2025-10-06,The Novotel Toronto Centre,"Old Town Toronto, Toronto (Old Town Toronto)",N/A,N/A,N/A,N/A,N/A,0.5 miles from downtown,Superior with Two Queen Beds - Renovated,N/A,$389
2025-09-21,booking.com,2,2025-10-03,2025-10-06,SoHo Hotel Toronto,"Entertainment District, Toronto (Entertainment District)",N/A,N/A,N/A,N/A,N/A,0.7 miles from downtown,Luxury King Room,N/A,$305
2025-09-21,booking.com,2,2025-10-03,2025-10-06,Breezy Lake And City Views - One Free Underground Parking,"Downtown Toronto, Toronto",N/A,N/A,N/A,N/A,N/A,1.1 miles from downtown,Three-Bedroom Apartment,N/A,$278
2025-09-21,booking.com,2,2025-10-03,2025-10-06,"Hotel X Toronto, a Destination by Hyatt Hotel",Toronto,N/A,N/A,N/A,N/A,N/A,2 miles from downtown,Deluxe King Room,N/A,$393
2025-09-21,booking.com,2,2025-10-03,2025-10-06,Canopy By Hilton Toronto Yorkville,"Downtown Toronto, Toronto",N/A,N/A,N/A,N/A,N/A,1.4 miles from downtown,King Room,N/A,$243
2025-09-21,booking.com,2,2025-10-03,2025-10-06,InterContinental Toronto Centre by IHG,"Entertainment District, Toronto (Entertainment District)",N/A,N/A,N/A,N/A,N/A,0.5 miles from downtown,Classic Room,N/A,$357
2025-09-21,booking.com,2,2025-10-03,2025-10-06,Novotel Toronto North York,"North York, Toronto",N/A,N/A,N/A,N/A,N/A,8.2 miles from downtown,Executive King Room with Sofa Bed,N/A,$224
2025-09-21,booking.com,2,2025-10-03,2025-10-06,Holiday Inn Express Toronto Downtown by IHG,"Old Town Toronto, Toronto (Old Town Toronto)",N/A,N/A,N/A,N/A,N/A,0.5 miles from downtown,Standard King Room,N/A,$387
2025-09-21,booking.com,2,2025-10-03,2025-10-06,Hilton Toronto,"Financial District, Toronto (Financial District)",N/A,N/A,N/A,N/A,N/A,0.2 miles from downtown,Queen Room with Two Queen Beds,N/A,$296
2025-09-21,booking.com,2,2025-10-03,2025-10-06,KozyStay Toronto,"North York, Toronto",N/A,N/A,N/A,N/A,N/A,9 miles from downtown,Three-Bedroom House,N/A,$206
2025-09-21,booking.com,2,2025-10-03,2025-10-06,"Doubletree by Hilton Toronto Airport, ON","Etobicoke, Toronto (Northeast Mississauga)",N/A,N/A,N/A,N/A,N/A,11 miles from downtown,Queen Room with Two Queen Beds,N/A,$129
2025-09-21,booking.com,2,2025-10-03,2025-10-06,The Parkdale Hostellerie,Toronto,N/A,N/A,N/A,N/A,N/A,2.6 miles from downtown,Apartment with Terrace,N/A,$95
2025-09-21,booking.com,2,2025-10-03,2025-10-06,Woodbine Hotel & Suites,"Etobicoke, Toronto",N/A,N/A,N/A,N/A,N/A,11.3 miles from downtown,King Room,N/A,$111
2025-09-21,booking.com,2,2025-10-03,2025-10-06,Holiday Inn Express & Suites Toronto Airport South by IHG,"Etobicoke, Toronto (Northeast Mississauga)",N/A,N/A,N/A,N/A,N/A,10.5 miles from downtown,Standard King Room with Mobility Accessible Tub,N/A,$150
2025-09-21,booking.com,2,2025-10-03,2025-10-06,Delta Hotels by Marriott Toronto Airport & Conference Centre,"Etobicoke, Toronto",N/A,N/A,N/A,N/A,N/A,10.2 miles from downtown,King Guest Room,N/A,$147
2025-09-21,booking.com,2,2025-10-03,2025-10-06,W Toronto,"Bloor-Yorkville, Toronto (Bloor-Yorkville)",N/A,N/A,N/A,N/A,N/A,1.3 miles from downtown,Deluxe King Room,N/A,$270
2025-09-21,booking.com,2,2025-10-03,2025-10-06,Adas Guesthouse,"Downtown Toronto, Toronto",N/A,N/A,N/A,N/A,N/A,1.3 miles from downtown,Standard Queen Room,N/A,$110
2025-09-21,booking.com,2,2025-10-03,2025-10-06,Holiday Inn Toronto Airport East by IHG,"Etobicoke, Toronto",N/A,N/A,N/A,N/A,N/A,9.9 miles from downtown,Standard King Room,N/A,$129
2025-09-21,booking.com,2,2025-10-03,2025-10-06,Union Hotel,"Financial District, Toronto (Financial District)",N/A,N/A,N/A,N/A,N/A,0.4 miles from downtown,Queen Room,N/A,$305
2025-09-21,booking.com,2,2025-10-03,2025-10-06,Ace Hotel Toronto,"Fashion District, Toronto (Fashion District)",N/A,N/A,N/A,N/A,N/A,0.9 miles from downtown,Queen Room,N/A,$306
2025-09-21,booking.com,2,2025-10-03,2025-10-06,Hampton Inn & Suites by Hilton Toronto Downtown,"The Village, Toronto (The Village)",N/A,N/A,N/A,N/A,N/A,0.7 miles from downtown,King Room,N/A,$275
2025-09-21,booking.com,2,2025-10-03,2025-10-06,Parc Suites - Entertainment District Toronto,"Entertainment District, Toronto (Entertainment District)",N/A,N/A,N/A,N/A,N/A,0.4 miles from downtown,One-Bedroom Apartment,N/A,$253
2025-09-21,booking.com,2,2025-10-03,2025-10-06,Toronto Marriott City Centre Hotel,"Entertainment District, Toronto (Entertainment District)",N/A,N/A,N/A,N/A,N/A,0.8 miles from downtown,"Concierge level, Guest room, 1 King, City view",N/A,$555
2025-09-21,booking.com,2,2025-10-03,2025-10-06,SkyHigh Haven LED-Lit Downtown Condo Retreat,"Downtown Toronto, Toronto",N/A,N/A,N/A,N/A,N/A,1.1 miles from downtown,Two-Bedroom Apartment,N/A,$143
2025-09-21,booking.com,2,2025-10-03,2025-10-06,Hyatt Regency Toronto,"Entertainment District, Toronto (Entertainment District)",N/A,N/A,N/A,N/A,N/A,0.6 miles from downtown,Queen Room,N/A,$371
2025-09-21,booking.com,2,2025-10-03,2025-10-06,Old Mill Toronto Hotel,"Etobicoke, Toronto",N/A,N/A,N/A,N/A,N/A,5.5 miles from downtown,Basic Queen Room,N/A,$236
2025-09-21,booking.com,2,2025-10-03,2025-10-06,Yorkville Plaza Suites - Pool & Hot Tub,"Bloor-Yorkville, Toronto (Bloor-Yorkville)",N/A,N/A,N/A,N/A,N/A,1.4 miles from downtown,Two-Bedroom Apartment,N/A,$435
2025-09-21,booking.com,2,2025-10-03,2025-10-06,Kimpton Saint George Hotel by IHG,"The Annex, Toronto (The Annex)",N/A,N/A,N/A,N/A,N/A,1.4 miles from downtown,Queen Room with Two Queen Beds,N/A,$280
2025-09-21,booking.com,2,2025-10-03,2025-10-06,Sheraton Toronto Airport Hotel & Conference Centre,"Etobicoke, Toronto",N/A,N/A,N/A,N/A,N/A,10.5 miles from downtown,"Traditional, Guest room, 2 Queen",N/A,$165
2025-09-21,booking.com,2,2025-10-03,2025-10-06,EST Hotel,"Etobicoke, Toronto",N/A,N/A,N/A,N/A,N/A,13 miles from downtown,Standard one Queen bed,N/A,$165
2025-09-21,booking.com,2,2025-10-03,2025-10-06,Toronto Don Valley Hotel and Suites,"North York, Toronto",N/A,N/A,N/A,N/A,N/A,5.7 miles from downtown,Double Room with Two Double Beds,N/A,$132
2025-09-21,booking.com,2,2025-10-03,2025-10-06,Stylish City Escape,"Etobicoke, Toronto",N/A,N/A,N/A,N/A,N/A,6 miles from downtown,Deluxe Double Room,N/A,$59
2025-09-21,booking.com,2,2025-10-03,2025-10-06,"Revery Toronto Downtown, Curio Collection by Hilton","Entertainment District, Toronto (Entertainment District)",N/A,N/A,N/A,N/A,N/A,0.6 miles from downtown,King Room,N/A,$269
2025-09-21,booking.com,2,2025-10-03,2025-10-06,Residence Inn by Marriott Toronto Airport,"Etobicoke, Toronto",N/A,N/A,N/A,N/A,N/A,10.6 miles from downtown,King or Queen Suite with Sofa Bed,N/A,$174
2025-09-21,booking.com,2,2025-10-03,2025-10-06,Warm Downtown Home,"Old Town Toronto, Toronto (Old Town Toronto)",N/A,N/A,N/A,N/A,N/A,0.5 miles from downtown,Standard Double Room,N/A,$129
2025-09-21,booking.com,2,2025-10-03,2025-10-06,Falstaff Home,Toronto,N/A,N/A,N/A,N/A,N/A,7.3 miles from downtown,Double Room,N/A,$83
2025-09-21,booking.com,2,2025-10-03,2025-10-06,Comfort Inn & Conference Centre Toronto Airport,"Etobicoke, Toronto",N/A,N/A,N/A,N/A,N/A,10.7 miles from downtown,Queen Room with Two Queen Beds,N/A,$111
2025-09-21,booking.com,2,2025-10-03,2025-10-06,"The Westin Harbour Castle, Toronto","The Harbourfront, Toronto (The Harbourfront)",N/A,N/A,N/A,N/A,N/A,0.8 miles from downtown,Premium Queen Room with Two Queen Beds and Lake View,N/A,$374
2025-09-21,booking.com,2,2025-10-03,2025-10-06,Le Germain Hotel Toronto,"Entertainment District, Toronto (Entertainment District)",N/A,N/A,N/A,N/A,N/A,0.6 miles from downtown,Classic Queen Room,N/A,$294
2025-09-21,booking.com,2,2025-10-03,2025-10-06,"The Anndore House, part of JDV by Hyatt","The Village, Toronto (The Village)",N/A,N/A,N/A,N/A,N/A,1.2 miles from downtown,Queen Loft,N/A,$375
2025-09-21,booking.com,2,2025-10-03,2025-10-06,Dragon Gate Inn,"Downtown Toronto, Toronto",N/A,N/A,N/A,N/A,N/A,1.3 miles from downtown,Superior Studio 2 Bed,N/A,$162
2025-09-21,booking.com,2,2025-10-03,2025-10-06,Stay Inn Hotel Toronto,"Etobicoke, Toronto",N/A,N/A,N/A,N/A,N/A,8.6 miles from downtown,Business King Room - Fully Renovated 2021,N/A,$174
2025-09-21,booking.com,2,2025-10-03,2025-10-06,The Westin Toronto Airport,"Etobicoke, Toronto (Northeast Mississauga)",N/A,N/A,N/A,N/A,N/A,11.1 miles from downtown,"Traditional, Guest room, 1 King",N/A,$155
2025-09-21,booking.com,2,2025-10-03,2025-10-06,Deluxe Suites at York,"Entertainment District, Toronto (Entertainment District)",N/A,N/A,N/A,N/A,Late Escape Deal,0.7 miles from downtown,Two-Bedroom Apartment with Harbor View,N/A,$247
2025-09-21,booking.com,2,2025-10-03,2025-10-06,Super 8 by Wyndham Toronto East ON,"Scarborough, Toronto",N/A,N/A,N/A,N/A,N/A,9.7 miles from downtown,Queen Room - Non-Smoking,N/A,$106
2025-09-21,booking.com,2,2025-10-03,2025-10-06,Toronto Travellers Home,"Kensington Market, Toronto (Kensington Market)",N/A,N/A,N/A,N/A,N/A,0.9 miles from downtown,Double Room,N/A,$130
2025-09-21,booking.com,2,2025-10-03,2025-10-06,Dream Catcher Travel House,Toronto,N/A,N/A,N/A,N/A,N/A,2 miles from downtown,Double Room with Private Bathroom,N/A,$102
2025-09-21,booking.com,2,2025-10-03,2025-10-06,freed Suites - Downtown Toronto,"Entertainment District, Toronto (Entertainment District)",N/A,N/A,N/A,N/A,N/A,0.4 miles from downtown,Two-Bedroom Apartment with Balcony,N/A,$340
2025-09-21,booking.com,2,2025-10-03,2025-10-06,Nox Hostel,"Downtown Toronto, Toronto",N/A,N/A,N/A,N/A,N/A,1.3 miles from downtown,Double Room with Shared Bathroom,N/A,$105
2025-09-21,booking.com,2,2025-10-03,2025-10-06,1 Hotel Toronto,"Fashion District, Toronto (Fashion District)",N/A,N/A,N/A,N/A,N/A,1.2 miles from downtown,Studio King,N/A,$355
2025-09-21,booking.com,2,2025-10-03,2025-10-06,Royal Oak Inn,"Cabbagetown, Toronto (Cabbagetown)",N/A,N/A,N/A,N/A,N/A,0.8 miles from downtown,Double Room,N/A,$144
2025-09-21,booking.com,2,2025-10-03,2025-10-06,"The Ellios Suites - In Downtown Toronto, Opposite CN Tower & Rogers Centre","Entertainment District, Toronto (Entertainment District)",N/A,N/A,N/A,N/A,N/A,0.7 miles from downtown,One-Bedroom Apartment,N/A,$278
2025-09-21,booking.com,2,2025-10-03,2025-10-06,The Roland Peaceful 2BR Suite Near Downtown Toronto,"Old Town Toronto, Toronto (Old Town Toronto)",N/A,N/A,N/A,N/A,N/A,1.3 miles from downtown,Suite,N/A,$214
2025-09-21,booking.com,2,2025-10-03,2025-10-06,Upgraded Rooms with Bath 7-min to Subway Near Downsview Rogers Stadium,"North York, Toronto",N/A,N/A,N/A,N/A,N/A,7.7 miles from downtown,Deluxe Double Room with Bath,N/A,$112
2025-09-21,booking.com,2,2025-10-03,2025-10-06,Belarte Suites - Downtown Toronto - CN Tower & Rogers Centre,"Entertainment District, Toronto (Entertainment District)",N/A,N/A,N/A,N/A,N/A,0.7 miles from downtown,Three-Bedroom Apartment,N/A,$798
2025-09-21,booking.com,2,2025-10-03,2025-10-06,Luxury Basement-Private Bdr & Bathroom with free parking In Toronto,"Etobicoke, Toronto",N/A,N/A,N/A,N/A,N/A,12.5 miles from downtown,Superior Queen Room,N/A,$57
2025-09-21,booking.com,2,2025-10-03,2025-10-06,TononHouse,"North York, Toronto",N/A,N/A,N/A,N/A,Late Escape Deal,9.2 miles from downtown,Queen Room,N/A,$59
2025-09-21,booking.com,2,2025-10-03,2025-10-06,The Omni King Edward Hotel,"Old Town Toronto, Toronto (Old Town Toronto)",N/A,N/A,N/A,N/A,N/A,0.3 miles from downtown,Deluxe Room - 1 King Bed,N/A,$310
2025-09-21,booking.com,2,2025-10-03,2025-10-06,Stylish Condo Downtown Near CN Tower - Free parking,"Downtown Toronto, Toronto",N/A,N/A,N/A,N/A,N/A,1.1 miles from downtown,One-Bedroom Apartment,N/A,$215
2025-09-21,booking.com,2,2025-10-03,2025-10-06,Delta Hotels by Marriott Toronto,"Entertainment District, Toronto (Entertainment District)",N/A,N/A,N/A,N/A,N/A,0.7 miles from downtown,King Room with Lake View,N/A,$380
2025-09-21,booking.com,2,2025-10-03,2025-10-06,Modern Apartment Close To The Beach with Parking,Toronto,N/A,N/A,N/A,N/A,N/A,3.6 miles from downtown,Two-Bedroom Apartment,N/A,$317
2025-09-21,booking.com,2,2025-10-03,2025-10-06,Designer One Bedroom Suite - Entertainment District Toronto,"Entertainment District, Toronto (Entertainment District)",N/A,N/A,N/A,N/A,N/A,0.4 miles from downtown,One-Bedroom Apartment,N/A,$290
2025-09-21,booking.com,2,2025-10-03,2025-10-06,Deluxe Inn,"Etobicoke, Toronto",N/A,N/A,N/A,N/A,N/A,8.2 miles from downtown,Queen Room - Non-Smoking,N/A,$90
2025-09-21,booking.com,2,2025-10-03,2025-10-06,Modern Toronto Lake View & CN Tower View - One Free Parking,"The Harbourfront, Toronto (Entertainment District)",N/A,N/A,N/A,N/A,N/A,0.6 miles from downtown,Two-Bedroom Apartment,N/A,$380
2025-09-21,booking.com,2,2025-10-03,2025-10-06,Downtown Luxury Victorian Retreat,"Cabbagetown, Toronto (Cabbagetown)",N/A,N/A,N/A,N/A,N/A,0.8 miles from downtown,Deluxe Queen Room with Garden View,N/A,$339
2025-09-21,booking.com,2,2025-10-03,2025-10-06,"Toor Hotel Toronto, Part Of Jdv By Hyatt","Downtown Toronto, Toronto",N/A,N/A,N/A,N/A,N/A,0.5 miles from downtown,King Room,N/A,$253
2025-09-21,booking.com,2,2025-10-03,2025-10-06,Sunset Bliss: Elegant 2BR Condo with Scenic Views!,"Downtown Toronto, Toronto",N/A,N/A,N/A,N/A,N/A,1.1 miles from downtown,Two-Bedroom Apartment,N/A,$225
2025-09-21,booking.com,2,2025-10-03,2025-10-06,Madison Manor Boutique Hotel,"The Annex, Toronto (The Annex)",N/A,N/A,N/A,N/A,N/A,1.5 miles from downtown,King or Queen Room,N/A,$210
2025-09-21,booking.com,2,2025-10-03,2025-10-06,Nobu Suites - Toronto's Entertainment District,"Entertainment District, Toronto (Entertainment District)",N/A,N/A,N/A,N/A,N/A,0.4 miles from downtown,Two-Bedroom Apartment,N/A,$399
2025-09-21,booking.com,2,2025-10-03,2025-10-06,Best Western Plus Toronto North York Hotel & Suites,"North York, Toronto",N/A,N/A,N/A,N/A,N/A,10.3 miles from downtown,Queen Room,N/A,$139
2025-09-21,booking.com,2,2025-10-03,2025-10-06,Park Hyatt Toronto,"The Annex, Toronto (The Annex)",N/A,N/A,N/A,N/A,N/A,1.4 miles from downtown,One-Bedroom Suite - High Floor,N/A,$678
2025-09-21,booking.com,2,2025-10-03,2025-10-06,The Hazelton Hotel,"Bloor-Yorkville, Toronto (Bloor-Yorkville)",N/A,N/A,N/A,N/A,N/A,1.4 miles from downtown,"Deluxe Room, 1 King Bed, Balcony",N/A,$754
2025-09-21,booking.com,2,2025-10-03,2025-10-06,Sutton Place Hotel Toronto,"Entertainment District, Toronto (Entertainment District)",N/A,N/A,N/A,N/A,N/A,0.7 miles from downtown,Classic Room - 1 King Bed,N/A,$288
2025-09-21,booking.com,2,2025-10-03,2025-10-06,Hazelton Suites - Yorkville - Indoor Pool & Hot Tub,"Bloor-Yorkville, Toronto (Bloor-Yorkville)",N/A,N/A,N/A,N/A,N/A,1.4 miles from downtown,Apartment with View and Balcony,N/A,$580
2025-09-21,booking.com,2,2025-10-03,2025-10-06,Holiday Inn Express Toronto-North York by IHG,"North York, Toronto",N/A,N/A,N/A,N/A,N/A,10.2 miles from downtown,Queen Room with Accessible Transfer Shower - Non-Smoking,N/A,$135
2025-09-21,booking.com,2,2025-10-03,2025-10-06,Best Western Premier Toronto Airport Carlingview Hotel,"Etobicoke, Toronto (Northeast Mississauga)",N/A,N/A,N/A,N/A,N/A,10.7 miles from downtown,King Room - Non-Smoking/Shower Only,N/A,$124
2025-09-21,booking.com,2,2025-10-03,2025-10-06,Montecassino Hotel & Event Centre,"North York, Toronto",N/A,N/A,N/A,N/A,N/A,8.6 miles from downtown,Run Of The House,N/A,$155
2025-09-21,booking.com,2,2025-10-03,2025-10-06,Toronto Airport Marriott Hotel,"Etobicoke, Toronto",N/A,N/A,N/A,N/A,N/A,10.8 miles from downtown,King Room,N/A,$166
2025-09-21,booking.com,2,2025-10-03,2025-10-06,Marriott Downtown at CF Toronto Eaton Centre,"Yonge - Dundas, Toronto (Yonge - Dundas)",N/A,N/A,N/A,N/A,N/A,0.2 miles from downtown,"Guest room, 2 Double",N/A,$257
2025-09-21,booking.com,2,2025-10-03,2025-10-06,Yonge Suites Apart Hotel,"Yonge - Dundas, Toronto (Yonge Street)",N/A,N/A,N/A,N/A,N/A,0.2 miles from downtown,One-Bedroom Apartment,N/A,$245
2025-09-21,booking.com,2,2025-10-03,2025-10-06,New Panoramic view 2BD & Den in Downtown Toronto,"The Village, Toronto (Yonge Street)",N/A,N/A,N/A,N/A,Late Escape Deal,0.8 miles from downtown,Two-Bedroom Apartment with Balcony,N/A,$276
2025-09-21,booking.com,2,2025-10-03,2025-10-06,Gabby's Place Downtown Core,"Cabbagetown, Toronto (Cabbagetown)",N/A,N/A,N/A,N/A,N/A,0.8 miles from downtown,One-Bedroom Suite,N/A,$201
2025-09-21,booking.com,2,2025-10-03,2025-10-06,Deluxe Queen Rooms Downtown,Toronto,N/A,N/A,N/A,N/A,N/A,2.9 miles from downtown,Queen Room with Shared Bathroom,N/A,$98
2025-09-21,booking.com,2,2025-10-03,2025-10-06,Beautiful Luxurious Modern Condo With Breathtaking Views,"Entertainment District, Toronto (Entertainment District)",N/A,N/A,N/A,N/A,N/A,0.7 miles from downtown,Two-Bedroom Apartment,N/A,$452
2025-09-21,booking.com,2,2025-10-03,2025-10-06,"Chic 3BR apartment in Queen West, Downtown Toronto",Toronto,N/A,N/A,N/A,N/A,N/A,3.1 miles from downtown,Three-Bedroom Apartment,N/A,$145
2025-09-21,booking.com,2,2025-10-03,2025-10-06,Village at York U,"North York, Toronto",N/A,N/A,N/A,N/A,N/A,9.8 miles from downtown,Deluxe Double Room,N/A,$94
2025-09-21,booking.com,2,2025-10-03,2025-10-06,Modern Lux Family Rooms - KingBed - Near Sheppard W Station Toronto,"North York, Toronto",N/A,N/A,N/A,N/A,N/A,8.4 miles from downtown,Family Room,N/A,$114
2025-09-21,booking.com,2,2025-10-03,2025-10-06,Beautiful Modern Toronto Luxurious Scotiabank Arena,"Entertainment District, Toronto (Entertainment District)",N/A,N/A,N/A,N/A,N/A,0.6 miles from downtown,Apartment with Lake View,N/A,$476
2025-09-21,booking.com,2,2025-10-03,2025-10-06,Cozy Upper Beaches Apartment,Toronto,N/A,N/A,N/A,N/A,N/A,3.6 miles from downtown,Two-Bedroom Apartment,N/A,$181
2025-09-21,booking.com,2,2025-10-03,2025-10-06,Bedroom in Corso Italia Neighborhood,Toronto,N/A,N/A,N/A,N/A,Late Escape Deal,4.1 miles from downtown,Apartment,N/A,$98
2025-09-21,booking.com,2,2025-10-03,2025-10-06,Downtown Toronto 2 bedrooms with parking,"Entertainment District, Toronto (Entertainment District)",N/A,N/A,N/A,N/A,Late Escape Deal,0.7 miles from downtown,Two-Bedroom Apartment with Balcony,N/A,$486
2025-09-21,booking.com,2,2025-10-03,2025-10-06,Fresh 3BR Home in Junction Area WFH Setup Backyard,Toronto,N/A,N/A,N/A,N/A,N/A,4.4 miles from downtown,Holiday Home,N/A,$186
2025-09-21,booking.com,2,2025-10-03,2025-10-06,Filmores Hotel,"Downtown Toronto, Toronto",N/A,N/A,N/A,N/A,N/A,0.6 miles from downtown,Queen Room,N/A,$155
2025-09-21,booking.com,2,2025-10-03,2025-10-06,Designer 3Br & 2WR Townhouse,Toronto,N/A,N/A,N/A,N/A,N/A,3.4 miles from downtown,Three-Bedroom Apartment,N/A,$217
2025-09-21,booking.com,2,2025-10-03,2025-10-06,"Room in cozy house close to Lawrence Ave, WiFi, parking","North York, Toronto",N/A,N/A,N/A,N/A,N/A,5.5 miles from downtown,Deluxe Double or Twin Room,N/A,$72
2025-09-21,booking.com,2,2025-10-03,2025-10-06,Le Germain Hotel Maple Leaf Square,"Entertainment District, Toronto (Entertainment District)",N/A,N/A,N/A,N/A,N/A,0.6 miles from downtown,Classic King Room,N/A,$309
2025-09-21,booking.com,2,2025-10-03,2025-10-06,Comfort Home Toronto,"Scarborough, Toronto",N/A,N/A,N/A,N/A,N/A,8.5 miles from downtown,Standard Queen Room,N/A,$78
2025-09-21,booking.com,2,2025-10-03,2025-10-06,Downtown Toronto Condo CN Tower,"The Harbourfront, Toronto (Entertainment District)",N/A,N/A,N/A,N/A,Late Escape Deal,0.7 miles from downtown,One-Bedroom Apartment,N/A,$326
2025-09-21,booking.com,2,2025-10-03,2025-10-06,The Broadview Hotel,Toronto,N/A,N/A,N/A,N/A,N/A,1.7 miles from downtown,Deluxe King Room,N/A,$433
2025-09-21,booking.com,2,2025-10-03,2025-10-06,Large 2BR on Bay Street 4 Beds with Balcony,"Downtown Toronto, Toronto",N/A,N/A,N/A,N/A,N/A,0.7 miles from downtown,Two-Bedroom Deluxe Apartment with Balcony,N/A,$364
2025-09-21,booking.com,2,2025-10-03,2025-10-06,"BISHA, a Luxury Collection Hotel, Toronto","Entertainment District, Toronto (Entertainment District)",N/A,N/A,N/A,N/A,N/A,0.7 miles from downtown,The Nina King Room with City View,N/A,$414
2025-09-21,booking.com,2,2025-10-03,2025-10-06,Midtown 2 Bedroom Apartment,Toronto,N/A,N/A,N/A,N/A,N/A,3.6 miles from downtown,Deluxe Double Room,N/A,$120
2025-09-21,booking.com,2,2025-10-03,2025-10-06,Chic 2BR Downtown King Suite Parking Sleeps 6,"Downtown Toronto, Toronto",N/A,N/A,N/A,N/A,N/A,1.2 miles from downtown,Apartment,N/A,$341
2025-09-21,booking.com,2,2025-10-03,2025-10-06,Lum The Queen,Toronto,N/A,N/A,N/A,N/A,N/A,1.7 miles from downtown,Suite,N/A,$250
2025-09-21,booking.com,2,2025-10-03,2025-10-06,Metropolis Loft - CN Tower,"Entertainment District, Toronto (Entertainment District)",N/A,N/A,N/A,N/A,N/A,0.6 miles from downtown,One-Bedroom Suite,N/A,$248
2025-09-21,booking.com,2,2025-10-03,2025-10-06,Basement Suite with Private Patio in Davenport,Toronto,N/A,N/A,N/A,N/A,N/A,3.1 miles from downtown,Apartment,N/A,$125
2025-09-21,booking.com,2,2025-10-03,2025-10-06,Private Rooms in House in North York Shared Kitchen,"North York, Toronto",N/A,N/A,N/A,N/A,N/A,10.4 miles from downtown,Double Room with Shared Bathroom,N/A,$61
2025-09-21,booking.com,2,2025-10-03,2025-10-06,Relax in East York Space Share,Toronto,N/A,N/A,N/A,N/A,N/A,3.5 miles from downtown,Double Room with Shared Bathroom,N/A,$58
2025-09-21,booking.com,2,2025-10-03,2025-10-06,Beautiful Townhouse In Toronto,"Scarborough, Toronto",N/A,N/A,N/A,N/A,N/A,6.6 miles from downtown,Four-Bedroom Apartment,N/A,$157
2025-09-21,booking.com,2,2025-10-03,2025-10-06,"The Ritz-Carlton, Toronto","Entertainment District, Toronto (Entertainment District)",N/A,N/A,N/A,N/A,N/A,0.5 miles from downtown,City View Room - 1 King bed,N/A,$674
2025-09-21,booking.com,2,2025-10-03,2025-10-06,Modern Home near Stockyards,Toronto,N/A,N/A,N/A,N/A,N/A,4.9 miles from downtown,Two-Bedroom House,N/A,$205
2025-09-21,booking.com,2,2025-10-03,2025-10-06,Downtown Charm 2BR Retreat in Prime Location,"Entertainment District, Toronto (Entertainment District)",N/A,N/A,N/A,N/A,N/A,0.6 miles from downtown,Apartment,N/A,$242
2025-09-21,booking.com,2,2025-10-03,2025-10-06,Nobu Hotel Toronto,"Entertainment District, Toronto (Entertainment District)",N/A,N/A,N/A,N/A,N/A,0.6 miles from downtown,Deluxe King Room,N/A,$693
2025-09-21,booking.com,2,2025-10-03,2025-10-06,Immaculate Executive Townhouse 3Br&3Ba at Lawrence Park,"North York, Toronto",N/A,N/A,N/A,N/A,N/A,4.9 miles from downtown,Three-Bedroom Townhouse,N/A,$378
2025-09-21,booking.com,2,2025-10-03,2025-10-06,"CN Tower View with Free Parking, Pool, Gym, Free Skating, and More","Downtown Toronto, Toronto",N/A,N/A,N/A,N/A,N/A,1.5 miles from downtown,One-Bedroom Apartment,N/A,$324
2025-09-21,booking.com,2,2025-10-03,2025-10-06,3 BR House in Toronto Downtown,Toronto,N/A,N/A,N/A,N/A,N/A,3 miles from downtown,Apartment,N/A,$280
2025-09-21,booking.com,2,2025-10-03,2025-10-06,Simple & Tidy Private Rooms,"Scarborough, Toronto",N/A,N/A,N/A,N/A,N/A,11 miles from downtown,Standard Double Room with Shared Bathroom,N/A,$72
2025-09-21,booking.com,2,2025-10-03,2025-10-06,"Stylish Stay Toronto Oasis - Reg # STR-2309-HMVRVX exp Feb 21, 2026","The Village, Toronto (The Village)",N/A,N/A,N/A,N/A,N/A,0.5 miles from downtown,One-Bedroom Apartment,N/A,$212
2025-09-21,booking.com,2,2025-10-03,2025-10-06,MMG Executive Suite - VIEWS FROM THE TOP,"Entertainment District, Toronto (Entertainment District)",N/A,N/A,N/A,N/A,N/A,0.7 miles from downtown,One-Bedroom Apartment,N/A,$291
2025-09-21,booking.com,2,2025-10-03,2025-10-06,Toronto Bloor & Yonge Luxury Condo,"The Village, Toronto (The Village)",N/A,N/A,N/A,N/A,N/A,1 miles from downtown,One-Bedroom Apartment,N/A,$163
2025-09-21,booking.com,2,2025-10-03,2025-10-06,Etobicoke Townhouse Minutes Away from Waterfront,"Etobicoke, Toronto",N/A,N/A,N/A,N/A,N/A,8.6 miles from downtown,Two-Bedroom Apartment with Terrace,N/A,$178
2025-09-21,booking.com,2,2025-10-03,2025-10-06,Unbeatable Lake View 1bd & den in Downtown Toronto,"Downtown Toronto, Toronto",N/A,N/A,N/A,N/A,N/A,1.1 miles from downtown,One-Bedroom Apartment,N/A,$241
2025-09-21,booking.com,2,2025-10-03,2025-10-06,Modern Apartments 2BR 2BA Lillian St with Balcony,Toronto,N/A,N/A,N/A,N/A,Late Escape Deal,3.9 miles from downtown,Two-Bedroom Apartment with Balcony,N/A,$219
2025-09-21,booking.com,2,2025-10-03,2025-10-06,A Stunning Chalet Style Home,"Etobicoke, Toronto",N/A,N/A,N/A,N/A,N/A,11.9 miles from downtown,Deluxe Quadruple Room,N/A,$105
2025-09-21,booking.com,2,2025-10-03,2025-10-06,Beautiful house near Eglinton GO,"Scarborough, Toronto",N/A,N/A,N/A,N/A,N/A,10.1 miles from downtown,Three-Bedroom House,N/A,$232
2025-09-21,booking.com,2,2025-10-03,2025-10-06,Modern Condo 1 BD 1BA with a Sofabed Downtown,"Fashion District, Toronto (Fashion District)",N/A,N/A,N/A,N/A,N/A,1.2 miles from downtown,Apartment,N/A,$190
2025-09-21,booking.com,2,2025-10-03,2025-10-06,"Modern 1BR King Suite, Central Downtown Toronto","Downtown Toronto, Toronto",N/A,N/A,N/A,N/A,N/A,1.6 miles from downtown,One-Bedroom Apartment,N/A,$290
2025-09-21,booking.com,2,2025-10-03,2025-10-06,Casa Hotel Contemporary 2BR Suite w Patio & BBQ,Toronto,N/A,N/A,N/A,N/A,N/A,2.9 miles from downtown,Two-Bedroom House,N/A,$193
2025-09-21,booking.com,2,2025-10-03,2025-10-06,N7 Castle Green Retreat-Hot Tub,"Etobicoke, Toronto",N/A,N/A,N/A,N/A,N/A,8.7 miles from downtown,Three-Bedroom House,N/A,$425
2025-09-21,booking.com,2,2025-10-03,2025-10-06,Private Balcony Studio Apartment for 5 People at Queen Street Downtown,"Downtown Toronto, Toronto",N/A,N/A,N/A,N/A,N/A,0.9 miles from downtown,Two-Bedroom Apartment,N/A,$192
2025-09-21,booking.com,2,2025-10-03,2025-10-06,Beautiful Lower level 2 bedroom aprt,Toronto,N/A,N/A,N/A,N/A,N/A,4 miles from downtown,Two-Bedroom Apartment,N/A,$161
2025-09-21,booking.com,2,2025-10-03,2025-10-06,Shangri-La Toronto,"Entertainment District, Toronto (Entertainment District)",N/A,N/A,N/A,N/A,N/A,0.3 miles from downtown,Deluxe King Room,N/A,$462
2025-09-21,booking.com,2,2025-10-03,2025-10-06,2BR 2BA Suite with Sofa Bed by Financial District,"Entertainment District, Toronto (Entertainment District)",N/A,N/A,N/A,N/A,N/A,0.3 miles from downtown,Two-Bedroom Apartment with City View,N/A,$322
2025-09-21,booking.com,2,2025-10-03,2025-10-06,The St. Regis Toronto,"Financial District, Toronto (Financial District)",N/A,N/A,N/A,N/A,N/A,0.2 miles from downtown,"Deluxe, King Bed, Guest room, 1 King, City view",N/A,$449
2025-09-21,booking.com,2,2025-10-03,2025-10-06,Vita House near Rogers Stadium and Yorkdale Shopping Center,"North York, Toronto",N/A,N/A,N/A,N/A,Late Escape Deal,8.5 miles from downtown,Queen Room,N/A,$68
2025-09-21,booking.com,2,2025-10-03,2025-10-06,The Roland Inviting 2BR Basement Suite in Downtown Toronto,"Old Town Toronto, Toronto (Old Town Toronto)",N/A,N/A,N/A,N/A,N/A,1.3 miles from downtown,Suite,N/A,$214
2025-09-21,booking.com,2,2025-10-03,2025-10-06,Classy and Luxury 2 bedroom apartment 5 mins to Dundas Square,"The Village, Toronto (The Village)",N/A,N/A,N/A,N/A,N/A,0.5 miles from downtown,Two-Bedroom Apartment,N/A,$372
2025-09-21,booking.com,2,2025-10-03,2025-10-06,The Drake Hotel,"West Queen West, Toronto (West Queen West)",N/A,N/A,N/A,N/A,N/A,2.2 miles from downtown,Crash Pad,N/A,$264
2025-09-21,booking.com,2,2025-10-03,2025-10-06,1BR Apartment Near Queen West,Toronto,N/A,N/A,N/A,N/A,N/A,2.9 miles from downtown,Classic One-Bedroom Apartment with King Bed,N/A,$169
2025-09-21,booking.com,2,2025-10-03,2025-10-06,Luxury & Modern Suite - Right by Dundas Square,"The Village, Toronto (The Village)",N/A,N/A,N/A,N/A,N/A,0.5 miles from downtown,Two-Bedroom Apartment with City View,N/A,$359
2025-09-21,booking.com,2,2025-10-03,2025-10-06,Luxury Suites at Military Trail,"Scarborough, Toronto",N/A,N/A,N/A,N/A,N/A,13.7 miles from downtown,Deluxe Queen Room,N/A,$120
2025-09-21,booking.com,2,2025-10-03,2025-10-06,SoHo Residences Toronto,"Entertainment District, Toronto (Entertainment District)",N/A,N/A,N/A,N/A,N/A,0.7 miles from downtown,One-Bedroom Premier Apartment,N/A,$407
2025-09-21,booking.com,2,2025-10-03,2025-10-06,Downtown CN Tower View Condo with Pool Hot tub and Gym,"Entertainment District, Toronto (Entertainment District)",N/A,N/A,N/A,N/A,N/A,0.7 miles from downtown,Apartment,N/A,$298
2025-09-21,booking.com,2,2025-10-03,2025-10-06,Executive 1 Bedroom Condo sleeps 2,"Downtown Toronto, Toronto",N/A,N/A,N/A,N/A,N/A,1.5 miles from downtown,One-Bedroom Apartment,N/A,$253
2025-09-21,booking.com,2,2025-10-03,2025-10-06,Willowdale Hotel Toronto North York,"North York, Toronto",N/A,N/A,N/A,N/A,N/A,8 miles from downtown,Small Double Room,N/A,$169
2025-09-21,booking.com,2,2025-10-03,2025-10-06,University of Toronto UTSG Suites,"Bloor-Yorkville, Toronto (Bloor-Yorkville)",N/A,N/A,N/A,N/A,N/A,1.4 miles from downtown,One-Bedroom Apartment,N/A,$294
2025-09-21,booking.com,2,2025-10-03,2025-10-06,Downtown Oasis Condo with Balcony & Free Parking,"Downtown Toronto, Toronto",N/A,N/A,N/A,N/A,N/A,1.1 miles from downtown,Two-Bedroom Apartment,N/A,$303
2025-09-21,booking.com,2,2025-10-03,2025-10-06,Stylish & Pet-Friendly 2BR Suite in Trendy Leslieville with Portable AC Nearest Intersection Eastern Ave,Toronto,N/A,N/A,N/A,N/A,N/A,1.9 miles from downtown,Apartment,N/A,$199
2025-09-21,booking.com,2,2025-10-03,2025-10-06,specious private room with a washroom,Toronto,N/A,N/A,N/A,N/A,N/A,5.7 miles from downtown,Family Room with Private Bathroom,N/A,$87
2025-09-21,booking.com,2,2025-10-03,2025-10-06,Delight 2BR Apartment in Downtown Toronto - Free Parking,"Downtown Toronto, Toronto",N/A,N/A,N/A,N/A,N/A,1.1 miles from downtown,Two-Bedroom Apartment,N/A,$711
2025-09-21,booking.com,2,2025-10-03,2025-10-06,1BR Space - Downtown Toronto,"Entertainment District, Toronto (Entertainment District)",N/A,N/A,N/A,N/A,N/A,0.6 miles from downtown,Apartment with City View,N/A,$206
2025-09-21,booking.com,2,2025-10-03,2025-10-06,Yorkmills and Bayview !A Spacious and Modern Private Bdr with Shared Bathroom,"North York, Toronto",N/A,N/A,N/A,N/A,N/A,6.6 miles from downtown,Queen Room with Shared Bathroom,N/A,$71
2025-09-21,booking.com,2,2025-10-03,2025-10-06,Taste Of Little Italy-Proud Canadian Owned,"Little Italy, Toronto (Little Italy)",N/A,N/A,N/A,N/A,N/A,1.6 miles from downtown,Deluxe Double Room,N/A,$192
2025-09-21,booking.com,2,2025-10-03,2025-10-06,Yorkmills and Bayview !B Spacious and Stylish Private Bdr with Shared Bathroom,"North York, Toronto",N/A,N/A,N/A,N/A,N/A,6.5 miles from downtown,Queen Room with Shared Bathroom,N/A,$70
2025-09-21,booking.com,2,2025-10-03,2025-10-06,Saint Lawrence Residences and Suites,"Old Town Toronto, Toronto (Old Town Toronto)",N/A,N/A,N/A,N/A,N/A,0.5 miles from downtown,Queen Room with Shared Bathroom,N/A,$160
2025-09-21,booking.com,2,2025-10-03,2025-10-06,"Quiet & Comfortable Double Private Room, Free Parking","North York, Toronto",N/A,N/A,N/A,N/A,N/A,8.6 miles from downtown,Queen Room with Shared Bathroom,N/A,$106
2025-09-21,booking.com,2,2025-10-03,2025-10-06,RoryHouse,Toronto,N/A,N/A,N/A,N/A,N/A,7.1 miles from downtown,Standard Queen Room,N/A,$73
2025-09-21,booking.com,2,2025-10-03,2025-10-06,Modern 1BR Condo in Church Yonge Corridor,"Bloor-Yorkville, Toronto (Bloor-Yorkville)",N/A,N/A,N/A,N/A,N/A,1.3 miles from downtown,Apartment,N/A,$241
2025-09-21,booking.com,2,2025-10-03,2025-10-06,Chapman H,Toronto,N/A,N/A,N/A,N/A,N/A,5.3 miles from downtown,One-Bedroom Apartment,N/A,$156
2025-09-21,booking.com,2,2025-10-03,2025-10-06,1 Bedroom with Balcony on Bay St,"Downtown Toronto, Toronto",N/A,N/A,N/A,N/A,N/A,0.9 miles from downtown,Apartment,N/A,$199
2025-09-21,booking.com,2,2025-10-03,2025-10-06,Chic 2-Bedroom Condo in the Heart of Yorkville,"Bloor-Yorkville, Toronto (Bloor-Yorkville)",N/A,N/A,N/A,N/A,N/A,1.5 miles from downtown,Apartment,N/A,$273
2025-09-21,booking.com,2,2025-10-03,2025-10-06,Yorkmills and Bayview !C Cozy & Stylish Private Bdr with Shared Bathroom,"North York, Toronto",N/A,N/A,N/A,N/A,N/A,6.6 miles from downtown,Queen Room with Shared Bathroom,N/A,$63
2025-09-21,booking.com,2,2025-10-03,2025-10-06,Queen Street AC SUITE-Free Wifi& Self Checkin,"Entertainment District, Toronto (Entertainment District)",N/A,N/A,N/A,N/A,N/A,0.3 miles from downtown,Triple Room with City View,N/A,$239
2025-09-21,booking.com,2,2025-10-03,2025-10-06,Studio Gem in the lovely Waterfront Communities,"Old Town Toronto, Toronto (Old Town Toronto)",N/A,N/A,N/A,N/A,N/A,0.5 miles from downtown,One-Bedroom Apartment,N/A,$198
2025-09-21,booking.com,2,2025-10-03,2025-10-06,Modern & Bright 2BR Suite - Stay Street,"Leslieville, Toronto (Leslieville)",N/A,N/A,N/A,N/A,N/A,3.3 miles from downtown,Suite,N/A,$143
2025-09-21,booking.com,2,2025-10-03,2025-10-06,Upper Beaches Apartment,Toronto,N/A,N/A,N/A,N/A,N/A,3.6 miles from downtown,One-Bedroom Apartment,N/A,$184
2025-09-21,booking.com,2,2025-10-03,2025-10-06,Luxury 2 Queen Beds Suite with Private Bathroom near Downsview Park Subway easy access Downtown,"North York, Toronto",N/A,N/A,N/A,N/A,N/A,7.4 miles from downtown,Quadruple Room with Private Bathroom,N/A,$123
2025-09-21,booking.com,2,2025-10-03,2025-10-06,Modern Lakefront Escape Walk to Waterfront,"Downtown Toronto, Toronto",N/A,N/A,N/A,N/A,N/A,1.2 miles from downtown,Apartment,N/A,$255
2025-09-21,booking.com,2,2025-10-03,2025-10-06,Luxury Downtown Retreat Condo in Prime Location,"Yonge - Dundas, Toronto (Yonge - Dundas)",N/A,N/A,N/A,N/A,N/A,0.2 miles from downtown,Apartment,N/A,$290
2025-09-21,booking.com,2,2025-10-03,2025-10-06,"BEAUTIFUL CANADIAN PLACE-Near Scotia Bank Arena, CN Tower, Union n Bars","Fashion District, Toronto (Fashion District)",N/A,N/A,N/A,N/A,N/A,1.1 miles from downtown,Double Room,N/A,$120
2025-09-21,booking.com,2,2025-10-03,2025-10-06,132 Chatham ave,Toronto,N/A,N/A,N/A,N/A,N/A,3 miles from downtown,One-Bedroom Apartment,N/A,$124
2025-09-21,booking.com,2,2025-10-03,2025-10-06,Central Toronto Economical Stay-Stress Free Checkin,"Downtown Toronto, Toronto",N/A,N/A,N/A,N/A,N/A,0.3 miles from downtown,Budget Triple Room,N/A,$129
2025-09-21,booking.com,2,2025-10-03,2025-10-06,Sunset Views in Chic Condo by Cn Tower,"Entertainment District, Toronto (Entertainment District)",N/A,N/A,N/A,N/A,N/A,0.6 miles from downtown,Apartment with City View,N/A,$246
2025-09-21,booking.com,2,2025-10-03,2025-10-06,Dairy Homestay,"Scarborough, Toronto",N/A,N/A,N/A,N/A,N/A,8.3 miles from downtown,Double Room with Shared Toilet,N/A,$77
2025-09-21,booking.com,2,2025-10-03,2025-10-06,BIG Oasis Studio near Airport YYZ,Toronto,N/A,N/A,N/A,N/A,N/A,10.3 miles from downtown,Studio,N/A,$140
2025-09-21,booking.com,2,2025-10-03,2025-10-06,"King-Queen Walk-in Residence - Walk to CN TOWER,SUBWAY,CONCERTS,PUBS,PARKING","Entertainment District, Toronto (Entertainment District)",N/A,N/A,N/A,N/A,N/A,0.7 miles from downtown,Comfort Quadruple Room,N/A,$156
2025-09-21,booking.com,2,2025-10-03,2025-10-06,Lower Penthouse Suite with Pools & Sunset Views,"Scarborough, Toronto",N/A,N/A,N/A,N/A,Late Escape Deal,11 miles from downtown,Two-Bedroom Apartment,N/A,$126
2025-09-21,booking.com,2,2025-10-03,2025-10-06,Scarborough Townhouse,"Scarborough, Toronto",N/A,N/A,N/A,N/A,N/A,12.2 miles from downtown,Double Room,N/A,$74
2025-09-21,booking.com,2,2025-10-03,2025-10-06,Entire Basement Apartment,"Etobicoke, Toronto",N/A,N/A,N/A,N/A,N/A,9.8 miles from downtown,Three-Bedroom Apartment,N/A,$229
2025-09-21,booking.com,2,2025-10-03,2025-10-06,Lovely condo near Lake Ontario,"Etobicoke, Toronto",N/A,N/A,N/A,N/A,N/A,5.7 miles from downtown,One-Bedroom Apartment,N/A,$358
2025-09-21,booking.com,2,2025-10-03,2025-10-06,"Newly Renovated 3BR North York Bungalow with Backyard Patio & Volleyball Set! Close to Rogers Stadium, TTC Subway Access, Perfect for Family Travel, Group Trips or Work Stays!","North York, Toronto",N/A,N/A,N/A,N/A,N/A,9.5 miles from downtown,Three-Bedroom Home,N/A,$166
2025-09-21,booking.com,2,2025-10-03,2025-10-06,Best Downtown Toronto View!,"Entertainment District, Toronto (Entertainment District)",N/A,N/A,N/A,N/A,N/A,0.7 miles from downtown,One-Bedroom Apartment,N/A,$259
2025-09-21,booking.com,2,2025-10-03,2025-10-06,BLOOR ST DOWNTOWN SUITE FULL APARTMENT -Private Patio,"Downtown Toronto, Toronto",N/A,N/A,N/A,N/A,N/A,1.3 miles from downtown,Two-Bedroom Apartment,N/A,$218
2025-09-21,booking.com,2,2025-10-03,2025-10-06,Royal Retreat 1B Condo in Downtown Toronto Yorkville,"Downtown Toronto, Toronto",N/A,N/A,N/A,N/A,N/A,0.9 miles from downtown,Apartment,N/A,$300
2025-09-21,booking.com,2,2025-10-03,2025-10-06,"Richview Gardens Suite, 3-bdr","Etobicoke, Toronto",N/A,N/A,N/A,N/A,N/A,8.9 miles from downtown,Three-Bedroom Apartment,N/A,$236
2025-09-21,booking.com,2,2025-10-03,2025-10-06,Garden Nook Space Share,"Scarborough, Toronto",N/A,N/A,N/A,N/A,N/A,5.8 miles from downtown,One-Bedroom Apartment,N/A,$87
2025-09-21,booking.com,2,2025-10-03,2025-10-06,"Private Rooms, Free Parking, Full Kitchen, Best Prices in Town- York University Heights","North York, Toronto",N/A,N/A,N/A,N/A,N/A,9.2 miles from downtown,Budget Double Room,N/A,$70
2025-09-21,booking.com,2,2025-10-03,2025-10-06,"Skyline Suites - Walk to MTCC, ACC, Rogers Centre & Entertainment District","Entertainment District, Toronto (Entertainment District)",N/A,N/A,N/A,N/A,N/A,0.7 miles from downtown,1 Bedroom City Suite,N/A,$236
2025-09-21,booking.com,2,2025-10-03,2025-10-06,Liberty Village Home 5 mins to Lakeshore!,"Downtown Toronto, Toronto",N/A,N/A,N/A,N/A,N/A,1.8 miles from downtown,One-Bedroom Apartment,N/A,$226
2025-09-21,booking.com,2,2025-10-03,2025-10-06,Luxury Condo on Bay Street,"Downtown Toronto, Toronto",N/A,N/A,N/A,N/A,N/A,0.9 miles from downtown,Two-Bedroom Apartment,N/A,$423
2025-09-21,booking.com,2,2025-10-03,2025-10-06,Cozy Downtown 1BR Den Free Parking near CN Tower,"Downtown Toronto, Toronto",N/A,N/A,N/A,N/A,N/A,1.2 miles from downtown,Two-Bedroom Apartment,N/A,$211
2025-09-21,booking.com,2,2025-10-03,2025-10-06,Richview Gardens Apartment,"Etobicoke, Toronto",N/A,N/A,N/A,N/A,N/A,8.9 miles from downtown,Two-Bedroom Apartment,N/A,$163
2025-09-21,booking.com,2,2025-10-03,2025-10-06,Lovely home in Leslieville,"Leslieville, Toronto (Leslieville)",N/A,N/A,N/A,N/A,N/A,2.5 miles from downtown,Two-Bedroom Villa,N/A,$162
2025-09-21,booking.com,2,2025-10-03,2025-10-06,2 bedrooms toronto suites,"Downtown Toronto, Toronto",N/A,N/A,N/A,N/A,N/A,1.3 miles from downtown,Deluxe King Suite,N/A,$963
2025-09-21,booking.com,2,2025-10-03,2025-10-06,QUEEN-KING ST Stay with Private Patio- Unbeatable Location,"Downtown Toronto, Toronto",N/A,N/A,N/A,N/A,N/A,0.9 miles from downtown,Triple Room with Balcony,N/A,$235
2025-09-21,booking.com,2,2025-10-03,2025-10-06,Dreamy Chic Toronto Getaway,"Fashion District, Toronto (Fashion District)",N/A,N/A,N/A,N/A,N/A,1.2 miles from downtown,One-Bedroom Apartment,N/A,$290
2025-09-21,booking.com,2,2025-10-03,2025-10-06,"Maple Leaf Stay-Walk to UOFT,DT,STREET CARS,BARS,ROM-Free Wifi","Downtown Toronto, Toronto",N/A,N/A,N/A,N/A,N/A,1.1 miles from downtown,Deluxe Double Room,N/A,$150
2025-09-21,booking.com,2,2025-10-03,2025-10-06,Toronto Uptown 1 - Bus to Downtown,"North York, Toronto",N/A,N/A,N/A,N/A,Late Escape Deal,8.1 miles from downtown,Double Room,N/A,$89
2025-09-21,booking.com,2,2025-10-03,2025-10-06,"Hidden 3BR Gem with Workspace, Fast wifi and Parking","Scarborough, Toronto",N/A,N/A,N/A,N/A,N/A,6.2 miles from downtown,Holiday Home,N/A,$268
2025-09-21,booking.com,2,2025-10-03,2025-10-06,"Spacious 1-Bdr Condo by CN Tower 4 Guests, Parking Included","Entertainment District, Toronto (Entertainment District)",N/A,N/A,N/A,N/A,N/A,0.7 miles from downtown,One-Bedroom Apartment,N/A,$294
2025-09-21,booking.com,2,2025-10-03,2025-10-06,Quaint and Cozy Haven,"Scarborough, Toronto",N/A,N/A,N/A,N/A,N/A,12 miles from downtown,Three-Bedroom House,N/A,$144
2025-09-21,booking.com,2,2025-10-03,2025-10-06,INFIVILLA King Suites & Towers Soho Toronto,"Entertainment District, Toronto (Entertainment District)",N/A,N/A,N/A,N/A,N/A,0.7 miles from downtown,One-Bedroom Apartment,N/A,$235
2025-09-21,booking.com,2,2025-10-03,2025-10-06,Clearbrooke Gem- Bright Private Bedroom close to YYZ,"Etobicoke, Toronto",N/A,N/A,N/A,N/A,N/A,10.2 miles from downtown,Queen Room with Shared Bathroom,N/A,$78
2025-09-21,booking.com,2,2025-10-03,2025-10-06,Best Choice for Travellers,"Scarborough, Toronto",N/A,N/A,N/A,N/A,N/A,9.2 miles from downtown,Three-Bedroom House,N/A,$278
2025-09-21,booking.com,2,2025-10-03,2025-10-06,Bright and Cozy 4 Bedrooms Home near Toronto,"Scarborough, Toronto",N/A,N/A,N/A,N/A,N/A,7.9 miles from downtown,Four-Bedroom House,N/A,$276
2025-09-21,booking.com,2,2025-10-03,2025-10-06,4 Bedrooms or 2 bedrooms house near Fairview Mall and 401 & DVP,"North York, Toronto",N/A,N/A,N/A,N/A,N/A,9.3 miles from downtown,Two-Bedroom House,N/A,$250
2025-09-21,booking.com,2,2025-10-03,2025-10-06,Northwood,"North York, Toronto",N/A,N/A,N/A,N/A,N/A,9.9 miles from downtown,Deluxe Queen Room,N/A,$98
2025-09-21,booking.com,2,2025-10-03,2025-10-06,Guest House Basement - Master Bedrooms in Bayview Village,"North York, Toronto",N/A,N/A,N/A,N/A,N/A,9.6 miles from downtown,King Room,N/A,$92
2025-09-21,booking.com,2,2025-10-03,2025-10-06,Exquisitely Furnished 1BR Suite in DWTN Toronto,"Downtown Toronto, Toronto",N/A,N/A,N/A,N/A,N/A,1.1 miles from downtown,One-Bedroom Apartment,N/A,$250
2025-09-21,booking.com,2,2025-10-03,2025-10-06,Carlton House,"Cabbagetown, Toronto (Cabbagetown)",N/A,N/A,N/A,N/A,N/A,1.3 miles from downtown,King Room,N/A,$124
2025-09-21,booking.com,2,2025-10-03,2025-10-06,KingBed & Bunkbed & Terrace,"Downtown Toronto, Toronto",N/A,N/A,N/A,N/A,N/A,1.2 miles from downtown,Two-Bedroom Apartment,N/A,$262
2025-09-21,booking.com,2,2025-10-03,2025-10-06,Luxurious Spa Retreat - Toronto Escape,"North York, Toronto",N/A,N/A,N/A,N/A,N/A,6.1 miles from downtown,Villa,N/A,$784
2025-09-21,booking.com,2,2025-10-03,2025-10-06,Grand 3 BR Toronto Victorian Entire Home,"Cabbagetown, Toronto (Cabbagetown)",N/A,N/A,N/A,N/A,N/A,0.9 miles from downtown,Three-Bedroom Townhouse,N/A,$409
2025-09-21,booking.com,2,2025-10-03,2025-10-06,Toronto Stay Next To Beautiful High Park & ZOO,Toronto,N/A,N/A,N/A,N/A,N/A,4.5 miles from downtown,Deluxe Double Room,N/A,$139
2025-09-21,booking.com,2,2025-10-03,2025-10-06,Spacious & Central 1 bdrm 2 real beds,"Downtown Toronto, Toronto",N/A,N/A,N/A,N/A,N/A,1.1 miles from downtown,Two-Bedroom Apartment,N/A,$291
2025-09-21,booking.com,2,2025-10-03,2025-10-06,Comfy 1Bdrm plus Den 3 real beds,"Downtown Toronto, Toronto",N/A,N/A,N/A,N/A,N/A,1.2 miles from downtown,Two-Bedroom Apartment,N/A,$258
2025-09-21,booking.com,2,2025-10-03,2025-10-06,Cozy house near HWY401 & Go station in Scarborough,"Scarborough, Toronto",N/A,N/A,N/A,N/A,N/A,15.4 miles from downtown,Three-Bedroom House,N/A,$334
2025-09-21,booking.com,2,2025-10-03,2025-10-06,Cozy Luxurious Villa in Toronto,"Scarborough, Toronto",N/A,N/A,N/A,N/A,N/A,7.8 miles from downtown,One-Bedroom Villa,N/A,$457
2025-09-21,booking.com,2,2025-10-03,2025-10-06,"Cozy 3BR Home with Parking, Backyard and Near Transit","Scarborough, Toronto",N/A,N/A,N/A,N/A,N/A,15.9 miles from downtown,Holiday Home,N/A,$217
2025-09-21,booking.com,2,2025-10-03,2025-10-06,FULL APARTMENT FOR 8 PEOPLE- Entertainment District Toronto,"Financial District, Toronto (Financial District)",N/A,N/A,N/A,N/A,N/A,0.4 miles from downtown,Three-Bedroom Apartment,N/A,$297
2025-09-21,booking.com,2,2025-10-03,2025-10-06,"Luxury Home - 5 min from airport, 15 to downtown","Etobicoke, Toronto",N/A,N/A,N/A,N/A,N/A,9 miles from downtown,Villa,N/A,$580
2025-09-21,booking.com,2,2025-10-03,2025-10-06,Exquisite 1 BR suite with study Core Downtown,Toronto,N/A,N/A,N/A,N/A,N/A,0.6 miles from downtown,One-Bedroom Apartment,N/A,$232
2025-09-21,booking.com,2,2025-10-03,2025-10-06,DT Townhome 1BR steps to transit,Toronto,N/A,N/A,N/A,N/A,N/A,3.2 miles from downtown,Double Room,N/A,$98
2025-09-21,booking.com,2,2025-10-03,2025-10-06,Toronto Central Stay Living Bloor,"Downtown Toronto, Toronto",N/A,N/A,N/A,N/A,N/A,0.4 miles from downtown,Triple Room with View,N/A,$122
2025-09-21,booking.com,2,2025-10-03,2025-10-06,Tom home,Toronto,N/A,N/A,N/A,N/A,N/A,5 miles from downtown,Double Room with Shared Toilet,N/A,$60
2025-09-21,booking.com,2,2025-10-03,2025-10-06,Queen Nest Hotel,"Downtown Toronto, Toronto",N/A,N/A,N/A,N/A,N/A,1.3 miles from downtown,N/A,N/A,$84
2025-09-21,booking.com,2,2025-10-03,2025-10-06,Park Motel,"Scarborough, Toronto",N/A,N/A,N/A,N/A,N/A,9.2 miles from downtown,Queen Room - Non-Smoking,N/A,$206
